{
    "awesomeImage": {
        "size": {
            "width": 2500,
            "height": 1686
        },
        "selected": true,
        "name": "MyAwesomeRichMenu",
        "chatBarText": "Touch me!",
        "areas": [
            {
                "bounds": {
                    "x": 0,
                    "y": 0,
                    "width": 2500,
                    "height": 1686
                },
                "action": {
                    "type": "uri",
                    "uri": "https://github.com/hackinteach"
                }
            }
        ]
    }
}
